{
  "summary_stats": {
    "count": 158,
    "mean": 1.0336095736750361,
    "std": 0.34482717342825764,
    "min": 0.6309583865740531,
    "max": 2.583783419799677,
    "median": 0.8752146643285901,
    "25th_percentile": 0.8158503833848081,
    "75th_percentile": 1.1135085301451493
  },
  "risk_metrics": {
    "mean_vol": 1.0336095736750361,
    "vol_of_vol": 0.34482717342825764,
    "var_95": 1.777547043802164,
    "var_99": 2.21403791249241,
    "cvar_95": 2.086410653652778,
    "cvar_99": 2.4358774566606862,
    "outlier_count": 10,
    "outlier_pct": 6.329113924050633,
    "total_observations": 158
  }
}