{
  "count": 158,
  "mean": 1.0336095736750361,
  "std": 0.34482717342825764,
  "min": 0.6309583865740531,
  "max": 2.583783419799677,
  "median": 0.8752146643285901,
  "25th_percentile": 0.8158503833848081,
  "75th_percentile": 1.1135085301451493
}